PublishYear,CountryName,Code,Country,Region,Income group,Population,Population(per ten Million),num_AIconf_papers,num_AIconf_citation,num_AIjournal_papers,num_AIjournal_citation,num_AIpatents_papers,num_AIpatents_citation,num_DL_papers,num_AIconf_papers_pc,num_AIconf_citation_pc,num_AIjournal_papers_pc,num_AIjournal_citation_pc,num_AIpatents_pc,num_AIpatents_citation_pc,num_DL_papers_pc,skill_penetration,ai_hiring_index,ai_privateinvestment_tot,ai_privateinvestment_pc,num_AIstartups,num_AIstartups_pc,female_ai_skill_penetration,num_AIocc_fem,num_AIconf_papers_scaled,num_AIconf_citation_scaled,num_AIjournal_papers_scaled,num_AIjournal_citation_scaled,num_AIpatents_papers_scaled,num_AIpatents_citation_scaled,num_DL_papers_scaled,num_AIconf_papers_pc_scaled,num_AIconf_citation_pc_scaled,num_AIjournal_papers_pc_scaled,num_AIjournal_citation_pc_scaled,num_AIpatents_pc_scaled,num_AIpatents_citation_pc_scaled,num_DL_papers_pc_scaled,skill_penetration_scaled,ai_hiring_index_scaled,ai_privateinvestment_tot_scaled,ai_privateinvestment_pc_scaled,num_AIstartups_scaled,num_AIstartups_pc_scaled,female_ai_skill_penetration_scaled,num_AIocc_fem_scaled,mean,Coverage
2015,Australia,AUS,AU,East Asia & Pacific,High income,23815995,2.3815995,846.8666677,12493.63333,680.6218272,19865.10318,47,171.5,71,355.5873553,5245.900214,285.7834943,8341.076316,19.73463632,72.01042829,29.81189742,-,-,20775972,87235.3727,8,0.03359087034,-,-,12.65635675,4.886189426,9.147489328,9.350926412,2.278039978,1.553640721,23.38535032,39.43252933,24.86536709,53.06794854,28.51245385,9.854751852,6.323290545,61.50326768,-,-,1.416146574,5.942958545,2.230905861,10.69140829,-,-,13.95904641,97.10144928
2015,Belgium,BEL,BE,Europe & Central Asia,High income,11274196,1.1274196,245.7333338,3104.866665,221.7369054,5578.201185,3,3,6,217.9608495,2753.958388,196.6764685,4947.759632,2.660943627,2.660943627,5.321887255,-,-,-,-,-,-,-,-,3.66338402,1.902566509,3.027121949,2.880044244,1.068711827,1.009684677,2.891719745,24.05568823,13.42445459,36.11052396,17.16479623,2.184436894,1.196707288,11.80077409,-,-,-,-,-,-,-,-,5.562755193,94.20289855
2015,Brazil,BRA,BR,Latin America & Caribbean,Upper middle income,204471769,20.4471769,429.3409096,2249.924242,342.1166671,5238.249998,0.5,0,6,20.9975642,110.0359357,16.73173117,256.1845101,0.0244532535,0,0.2934390419,-,-,199690480,97661.63856,2,0.0009781301398,-,-,6.410158869,1.630877383,4.632684327,2.72607216,1,1,2.891719745,2.049221347,1.285774182,1.866318405,1.475606816,1,1,1.595534751,-,-,5.089667595,6.539455124,1.175843694,1,-,-,2.016769745,97.10144928
2015,Canada,CAN,CA,North America,High income,35702908,3.5702908,900.8333346,31457.55,821.2468271,36684.80636,30.83333334,332,-,252.3137148,8810.920947,230.0223912,10275.01915,8.636084585,92.98962426,-,-,-,94544851,264809.9449,44,0.1232392611,-,-,13.46369971,10.91266536,11.02307212,16.96897526,1.833703498,2.071770959,-,27.89389183,41.23296035,42.45638686,34.97979045,4.868754451,7.874154195,-,-,-,2.93078913,16.10216859,8.561278863,37.33189147,-,-,12.7502706,88.4057971
2015,China,CHN,CN,East Asia & Pacific,Upper middle income,1371220000,137.122,5557.43377,52449.65044,7492.442863,113246.0667,312.5,1798.333333,151,40.52911837,382.5035402,54.64070581,825.8781719,2.27899243,13.11484177,1.101209142,-,-,1749256670,127569.3667,104,0.007584486807,-,-,83.12658208,17.58367064,100,51.64541486,9.575235981,6.805426028,48.60828025,4.231457997,2.536717518,9.080548394,3.380730689,2.012846247,1.969500041,3.234904762,-,-,36.9057793,8.250504676,19.11190053,2.963186759,-,-,18.6828494,97.10144928
2015,Denmark,DNK,DK,Europe & Central Asia,High income,5683483,0.5683483,138.3166669,1595.949997,92.82777808,1587.472221,-,-,3,243.3660255,2808.049214,163.3290327,2793.132698,-,-,5.278453371,-,-,7804292,137315.3047,3,0.05278453371,-,-,2.056427456,1.423053223,1.307799347,1.072546937,-,-,1.945859873,26.89417746,13.67279442,29.76437313,9.959465567,-,-,11.71262499,-,-,1.149808535,8.808079054,1.351687389,16.39511877,-,-,5.796082552,94.20289855
2015,Finland,FIN,FI,Europe & Central Asia,High income,5479531,0.5479531,175.1833336,2509.733328,130.1944449,3372.494441,66.5,352,5,319.7049777,4580.197334,237.6014386,6154.713681,121.3607515,642.3907448,9.124868533,-,-,35474876,647407.1595,3,0.0547492112,-,-,2.607953898,1.713441193,1.806176429,1.881026512,2.813992227,2.136335475,2.576433121,35.42343518,21.80901629,43.89871,21.2009952,55.51003716,48.48801888,19.51892738,-,-,1.717948443,37.99091887,1.351687389,16.97895477,-,-,14.51927311,97.10144928
2015,France,FRA,FR,Europe & Central Asia,High income,66548272,6.6548272,1094.533335,13036.68334,744.6634942,16351.6734,883.8333334,4672.833333,21,164.4720896,1958.981495,111.8982465,2457.114648,132.8108615,702.1720013,3.1556041,-,-,58677710,88173.15347,26,0.0390693841,-,-,16.36145754,5.058763366,10.00164363,7.759609402,25.27817879,16.08496103,7.621019108,18.07945452,9.774585651,19.97688813,8.835780942,60.65397125,52.90728155,7.404300836,-,-,2.1943553,5.996609874,5.396092362,12.31943811,-,-,13.25929052,97.10144928
2015,Germany,DEU,DE,Europe & Central Asia,High income,81686611,8.1686611,1543.342859,56357.09285,1054.903177,24365.36308,372,1576.5,50,188.9346173,6899.183619,129.1402794,2982.785402,45.53989882,192.9936841,6.120954143,-,-,35199493,43090.8965,16,0.01958705326,-,-,23.07566149,18.82540293,14.13945846,11.38920256,11.21057746,6.089297942,16.76433121,20.81262282,32.45586161,23.25811619,10.59368694,21.44770333,15.26684271,13.42248092,-,-,1.712294204,3.417411105,3.637655417,6.529945371,-,-,11.54766148,97.10144928
2015,India,IND,IN,South Asia,Lower middle income,1310152403,131.0152403,2648.850001,12975.45,1595.692858,24562.33096,32.33333334,109.6666666,11,20.2178769,99.03771479,12.17944458,187.4768989,0.2467906273,0.8370527457,0.08395969793,-,-,43552763,3324.25166,24,0.001831847955,-,-,39.61408154,5.039304242,21.35222873,11.47841405,1.874930594,1.35402876,4.468152866,1.962107839,1.235279551,1,1.24584033,1.099884525,1.06187819,1.170396269,-,-,1.883805801,1.142323558,5.044404973,1.253696189,-,-,4.694579909,97.10144928
2015,Ireland,IRL,IE,Europe & Central Asia,High income,4701957,0.4701957,110.4166668,1058.25,69.75000014,1937.083334,4,16,-,234.8312986,2250.658609,148.3424883,4119.738514,8.507096088,34.02838435,-,-,-,13336981,283647.4472,12,0.2552128826,-,-,1.639042618,1.252179445,1,1.230894234,1.096196557,1.051651612,-,25.94060286,11.11372299,26.9123736,14.39579438,4.810806682,3.515510337,-,-,-,1.263407201,17.17988001,2.934280639,76.55000812,-,-,8.722106877,88.4057971
2015,Israel,ISR,IL,Middle East & North Africa,High income,8380100,0.83801,170.0075759,5261.590909,149.5011908,5296.508333,25.5,228,12,202.8705814,6278.673177,178.4002467,6320.34025,30.42923115,272.0731256,14.31963819,-,-,145082535,1731274.507,28,0.3341248911,-,-,2.530524408,2.587944271,2.063679721,2.752458764,1.687118268,1.736035478,4.78343949,22.36967103,29.60699668,32.63248563,21.7548703,14.65927259,21.11270217,30.06171621,-,-,3.968442513,100,5.747779751,100,-,-,18.18432442,97.10144928
2015,Italy,ITA,IT,Europe & Central Asia,High income,60730582,6.0730582,779.6075771,8599.007579,612.4912714,13253.95953,180.5,472,27,128.3714978,1415.927083,100.8538452,2182.419317,29.72143425,77.72031561,4.445865511,-,-,508044,836.553814,4,0.006586467424,-,-,11.65015874,3.648530098,8.238799563,6.356580151,5.947251527,2.523722568,9.512738854,14.04597957,7.281334024,17.87509425,7.917166837,14.34129656,6.745387593,10.02288732,-,-,1,1,1.527531083,2.666609003,-,-,6.013684897,97.10144928
2015,Japan,JPN,JP,East Asia & Pacific,High income,127141000,12.7141,1978.017101,9625.400434,1050.409525,10167.29762,1551.333333,7858,16,155.5766512,757.065025,82.61768626,799.6867746,122.0167635,618.0539716,1.258445348,-,-,76847246,60442.53703,25,0.01966320856,-,-,29.5784012,3.97470385,14.07952447,4.958556597,43.62423654,26.36739818,6.044585987,17.08557807,4.256390557,14.40468003,3.293143517,55.80474898,46.68895008,3.554015757,-,-,2.567417122,4.410114951,5.220248668,6.552576164,-,-,13.29387594,97.10144928
2015,Netherlands,NLD,NL,Europe & Central Asia,High income,16939923,1.6939923,265.1000006,3604.116667,355.8980167,9190.114687,15.5,85.5,6,156.4942182,2127.587396,210.0942352,5425.121878,9.149982559,50.47248444,3.541928732,-,-,6621137,39085.9923,7,0.04132250188,-,-,3.953109937,2.0612214,4.816492769,4.515966901,1.412270961,1.276013304,2.891719745,17.18809671,10.54868292,38.66397881,18.76115278,5.099621867,4.731122083,8.18834696,-,-,1.125515677,3.18828673,2.055062167,12.98898885,-,-,6.521165935,97.10144928
2015,New Zealand,NZL,NZ,East Asia & Pacific,High income,4595700,0.45957,154.1500001,1019.399998,89.30952404,1427.297619,3,12,3,335.4222427,2218.16045,194.3327981,3105.724087,6.527841243,26.11136497,6.527841243,-,-,1200000,26111.36497,1,0.02175947081,-,-,2.293294597,1.23983344,1.260874712,1,1.068711827,1.038738709,1.945859873,37.17950598,10.96451863,35.66451409,11.00480863,3.921631252,2.930253515,14.24825859,-,-,1.014207428,2.445995968,1,7.17551472,-,-,6.245296452,97.10144928
2015,Norway,NOR,NO,Europe & Central Asia,High income,5188607,0.5188607,103.1666669,685.583335,91.7000002,3075.566665,3,14,0,198.8330719,1321.324461,176.7333702,5927.538288,5.781898687,26.98219387,0,-,-,720900,13893.90254,2,0.03854599125,-,-,1.5305824,1.133751025,1.292757635,1.746540767,1.068711827,1.045195161,1,21.91856503,6.846997918,32.31527235,20.44129346,3.586518372,2.994628569,1,-,-,1.004370417,1.747023331,1.175843694,12.16390338,-,-,5.182361606,97.10144928
2015,Singapore,SGP,SG,East Asia & Pacific,High income,5535002,0.5535002,496.8666676,11961.66668,294.6833345,12683.55,35.5,178.5,27,897.6810985,21610.95277,532.3996892,22915.16787,64.13728486,322.4931084,48.78047018,-,-,86678832,1566012.659,15,0.2710026121,-,-,7.420346236,4.71713763,4.000043315,6.09822793,1.961965575,1.576238302,9.512738854,100,100,100,77.24996247,29.80253382,24.83994313,100,-,-,2.769281902,90.54521258,3.461811723,81.24218406,-,-,33.87261943,97.10144928
2015,South Africa,ZAF,ZA,Sub-Saharan Africa,Upper middle income,55386367,5.5386367,67.70000006,264.7000001,71.70000012,1686.083333,3,7,0,12.22322455,47.7915441,12.94542394,304.4220852,0.5416495362,1.263848918,0,-,-,35509880,64113.03345,4,0.007221993817,-,-,1,1,1.026008081,1.117210286,1.068711827,1.02259758,1,1.068875113,1,1.145768946,1.636919047,1.232349173,1.093428621,1,-,-,1.718667154,4.62010754,1.527531083,2.855466048,-,-,1.18789275,97.10144928
2015,Spain,ESP,ES,Europe & Central Asia,High income,46444832,4.6444832,643.8166676,4823.533337,817.3000013,20878.98333,8,27,21,138.6196569,1038.551143,175.9722161,4495.437367,1.722473665,5.81334862,4.521493371,-,-,7103032,15293.48195,10,0.02153092081,-,-,9.618722651,2.448735506,10.97043142,9.810137158,1.20613548,1.087162096,7.621019108,15.19099385,5.548739365,32.17042166,15.65217637,1.762831544,1.429745309,10.17637411,-,-,1.135410076,1.827094599,2.58259325,7.107597357,-,-,6.243014587,97.10144928
2015,Sweden,SWE,SE,Europe & Central Asia,High income,9799186,0.9799186,244.9500003,4911.499999,170.6595243,3053.714283,37,282.5,9,249.9697427,5012.151008,174.1568374,3116.293826,37.75823829,288.2892518,9.18443634,-,-,8671594,88493.0034,8,0.08163943413,-,-,3.651665328,2.47669012,2.345878521,1.736643297,2.003192671,1.911973783,3.837579618,27.6320027,23.79218625,31.8249478,11.0401551,17.95181124,22.3114612,19.63982029,-,-,1.167616214,6.014908793,2.230905861,24.96982361,-,-,9.388148291,97.10144928
2015,Switzerland,CHE,CH,Europe & Central Asia,High income,8282396,0.8282396,353.0333338,9978.88333,259.7444454,24613.76107,91.16666669,1094.5,-,426.2454172,12048.30502,313.610271,29718.16497,110.0728179,1321.477505,-,-,-,27779308,335401.833,6,0.0724428052,-,-,5.268595243,4.087035928,3.534046663,11.50170799,3.491948918,4.533293116,-,47.32706813,56.09632012,58.36349579,100,50.43896043,98.68874973,-,-,-,1.559940961,20.14079761,1.879218472,22.23689515,-,-,22.23400337,88.4057971
2015,United Kingdom,GBR,GB,Europe & Central Asia,High income,65116219,6.5116219,1477.674245,52800.45758,1485.576988,45671.85115,393.8333333,1830.666667,-,226.9287541,8108.64918,228.1423908,7013.897898,60.48160341,281.1383546,-,-,-,354017269,543669.8789,74,0.113642962,-,-,22.09325705,17.6951524,19.88356078,21.0394244,11.81066074,6.909805328,-,25.05766123,38.00871581,42.09861523,24.07421018,28.16022781,21.7828391,-,-,-,8.258346925,32.05601046,13.8365897,34.48019449,-,-,16.69296689,88.4057971
2015,United States,USA,US,North America,High income,320635163,32.0635163,6685.333772,311794.6504,6153.201993,220006.969,3602.5,30667,314,208.5028264,9724.281252,191.9066498,6861.598303,112.3551131,956.4453166,9.793061904,-,-,4822186263,1503948.044,564,0.1759008571,-,-,100,100,82.13790486,100,100,100,100,22.99895488,45.4263469,35.20280832,23.56490209,51.46427599,71.70415261,20.87502632,-,-,100,86.99443698,100,52.98114465,-,-,58.78863425,97.10144928
2015,Russia,RUS,RU,Europe & Central Asia,Upper middle income,144096870,14.409687,167.2500001,2840.75,287.5666668,1642.166666,20.5,33,7,11.60677537,197.1416867,19.95648253,113.9626882,1.42265408,2.29012608,0.48578432,-,-,-,-,-,-,-,-,2.48927099,1.818633809,3.905124919,1.097319369,1.549694614,1.106531451,3.207006369,1,1.685690932,2.480001528,1,1.628138324,1.169295015,1.985899634,-,-,-,-,-,-,-,-,1.187391225,94.20289855
2015,South Korea,KOR,KR,East Asia & Pacific,High income,51014947,5.1014947,782.4837666,7647.65043,869.5166674,12382.45001,1124.333333,6832,-,153.3832362,1499.099946,170.4435109,2427.220009,220.3929239,1339.215348,-,-,-,-,-,-,-,-,-,11.69318662,3.346201678,11.66687003,5.96185249,31.88825652,23.05523853,-,16.8405105,7.663194244,31.11828687,8.735809685,100,100,-,-,-,-,-,-,-,-,-,15.99860942,92.02898551
2016,Australia,AUS,AU,East Asia & Pacific,High income,24190907,2.4190907,758.7833347,13913.4,702.0020226,20518.2079,24.33333334,133.3333334,-,313.6646901,5751.499934,290.1925184,8481.785285,10.05887598,55.11712867,-,0.60101,1,15740531,65067.96541,12,0.04960541579,-,-,10.43470545,4.734296078,11.47801087,13.11161997,1.871698114,1.576155392,-,36.88197709,27.23732593,52.91337565,42.90745515,7.64632274,8.773877518,-,26.91815064,40.6000061,1.223061147,2.435262763,2.308894231,7.867505616,-,-,13.6781682,86.95652174
2016,Belgium,BEL,BE,Europe & Central Asia,High income,11331422,1.1331422,211.8428577,2720.121427,238.576588,5352.216663,7.5,21.5,-,186.9516974,2400.511981,210.5442618,4723.340692,6.618763294,18.97378811,-,0.31026,1.000000001,13553962,119613.9549,1,0.008825017725,-,-,2.827871944,1.659139372,3.877929046,3.886353933,1.242830189,1.081781648,-,21.69369453,11.79742934,38.09152121,24.09787536,5.351160309,3.609431679,-,11.41833103,60.39992523,1.187429636,3.670553454,1,2.109145828,-,-,9.045563807,84.05797101
2016,Brazil,BRA,BR,Latin America & Caribbean,Upper middle income,206163058,20.6163058,465.4666672,2485.46667,354.9416673,5328.24881,2,28,-,22.57759813,120.5582947,17.21655037,258.4482817,0.09701059052,1.358148267,-,0.24773,1,3488133,1691.929211,2,0.0009701059052,-,-,6.355265095,1.594672098,5.786292416,3.871774615,1.037358491,1.11051574,-,1.991214057,1.292393332,2.114899506,1.752794053,1,1.092369989,-,8.084870253,40.6000061,1.02340065,1,1.118990385,1,-,-,3.719400763,86.95652174
2016,Canada,CAN,CA,North America,High income,36109487,3.6109487,922.0761917,20339.18812,911.0273216,17871.86414,28.66666669,105.8333333,64,255.3556609,5632.643885,252.2958362,4949.354206,7.938818595,29.30901049,17.72387406,0.71856,0.9999999983,71832858,198930.7076,44,0.1218516342,-,-,12.70577813,6.499668509,14.90598279,11.50188508,2.033584906,1.454588078,12.31428571,29.89284367,26.68968889,45.86112954,25.22898668,6.231870218,5.086209847,34.39179734,33.18471571,1,2.137120737,5.46682202,6.116586538,18.06896854,-,-,13.67147786,86.95652174
2016,China,CHN,CN,East Asia & Pacific,Upper middle income,1378665000,137.8665,6336.333338,58157.70001,5789.718261,115738.6563,300,2249,263,45.9599202,421.8406938,41.99510585,839.4980384,2.176018105,16.31288239,1.907642538,1.81251,1.000000001,2831398918,205372.5102,129,0.009356877849,-,-,88.00712153,16.88964046,94.91551094,71.03292264,12.17018868,10.92873409,47.49464286,4.793904663,2.680571728,6.725975229,4.660726174,2.38706501,3.229220463,4.594000545,91.50295358,60.39992523,47.10597759,5.612708067,16.23076923,2.184246663,-,-,26.97940024,95.65217391
2016,Denmark,DNK,DK,Europe & Central Asia,High income,5728010,0.572801,113.9166669,1739.166662,103.6718257,2649.071429,3.5,7,11,198.8765154,3036.249347,180.9909999,4624.767466,6.110324528,12.22064906,19.20387709,0.42589,1.000000001,18384153,320951.8314,5,0.0872903504,-,-,1.465917105,1.389639278,1.665518686,2.242067482,1.093396226,1.017682518,2.944642857,23.12304682,14.72663092,32.59191375,23.60455401,5.0119419,2.644489858,37.1801246,17.58254132,60.39992523,1.266140623,8.230206823,1.475961538,13.18877324,-,-,11.49295976,92.75362319
2016,Finland,FIN,FI,Europe & Central Asia,High income,5495303,0.5495303,192.6523814,3354.842852,144.8476195,3133.535715,30.83333334,189,9,350.5764494,6104.927885,263.5844092,5702.20735,56.10852276,343.9300799,16.37762285,0.69557,1.000000003,4884563,88886.14513,6,0.1091841524,-,-,2.560971314,1.833517936,2.340793236,2.536760513,2.114528302,1.822237106,2.591071429,41.30635551,28.86576837,47.96183574,28.99672914,38.36956608,50.04175207,31.85545865,31.95912378,100,1.046156351,2.974667694,1.594951923,16.28026805,-,-,19.86602333,95.65217391
2016,France,FRA,FR,Europe & Central Asia,High income,66724104,6.6724104,1028.700002,11250.38335,764.082145,15875.525,678.1666667,1595,48,154.1721717,1686.104822,114.5136614,2379.278858,101.6374333,239.0440492,7.193802108,0.89875,1,178430811,267415.8217,47,0.07043931231,-,-,14.18869923,4.002679022,12.49611212,10.28753915,26.29792453,8.037642331,9.485714286,17.76462074,8.505751544,20.22105371,12.36674111,68.74538639,35.05480797,14.55313072,42.79060563,40.6000061,3.874201128,7.017788915,6.473557692,10.80933742,-,-,16.98060453,95.65217391
2016,Germany,DEU,DE,Europe & Central Asia,High income,82348669,8.2348669,1651.252383,37759.17143,1013.494783,23214.48157,282.1666667,779.3333334,86,200.5196202,4585.280113,123.0736082,2819.047575,34.26487278,94.63824283,10.44339891,1.11042,0.9999999992,177832646,215950.8443,24,0.02914436905,-,-,22.84714108,11.28550299,16.58642808,14.75172654,11.50396226,4.431882117,16.20357143,23.31999536,21.86389168,21.81398608,14.56761559,23.79599558,14.42096632,20.67537451,54.07468755,20.79999161,3.864453655,5.852273208,3.736778846,4.978321734,-,-,15.06247937,95.65217391
2016,India,IND,IN,South Asia,Lower middle income,1324509589,132.4509589,2794.050001,13171.2,2048.576191,21206.75714,37.50000003,123.4999999,-,21.09497752,99.44208871,15.46667694,160.1102576,0.2831236583,0.9324205797,-,1.9719,1.000000001,2633692731,198842.8587,44,0.003321984255,-,-,38.74113974,4.530389664,33.56155033,13.5304551,2.363584907,1.532685867,-,1.813501731,1.195099029,1.789263134,1.260649798,1.12417027,1.031538656,-,100,60.39992523,43.88423148,5.464832526,6.116586538,1.332094888,-,-,14.53053177,86.95652174
2016,Ireland,IRL,IE,Europe & Central Asia,High income,4755335,0.4755335,144.3000002,1774.816667,71.41620899,1478.561345,3.5,38.5,7,303.4486534,3732.264218,150.1812364,3109.268528,7.360154437,80.96169881,14.72030887,-,1.000000001,30104542,633068.7954,16,0.3364642028,-,-,1.888487691,1.399433491,1.136533204,1.53006213,1.093396226,1.156932351,2.2375,35.65744557,17.93356505,26.85848218,16.02006062,5.845799076,12.46675373,28.73307738,-,60.39992523,1.4571317,15.29864914,2.784855769,48.37314516,-,-,12.83051071,86.23188406
2016,Israel,ISR,IL,Middle East & North Africa,High income,8546000,0.8546,210.7595242,5806.488098,181.5856536,5237.422474,13.5,41,36,246.6177442,6794.392813,212.4802874,6128.507459,15.79686403,47.97566113,42.12497075,1.14239,1,373731578,4373175.497,60,0.7020828458,-,-,2.81280497,2.50706441,2.943289441,3.816526191,1.466981132,1.167983925,7.364285714,28.84548503,32.0425232,38.45179889,31.13019838,11.47457367,7.753448256,80.36348912,55.77900133,40.6000061,7.056749414,100,8.020432692,100,-,-,25.61802918,95.65217391
2016,Italy,ITA,IT,Europe & Central Asia,High income,60627498,6.0627498,743.976192,7967.221425,646.4718021,13544.53393,153.5,253.5,44,122.7126661,1314.126706,106.6301305,2234.057874,25.3185444,41.81271013,7.257432923,0.11483,1,3234115,5334.402881,4,0.006597666293,-,-,10.22876811,3.100687944,10.56732668,8.869629015,6.697169811,2.107367716,8.778571429,13.99376939,6.791838001,18.75399652,11.63996555,17.8272153,6.872837164,14.67301125,1,40.6000061,1.019261267,1.082490278,1.356971154,1.794634653,-,-,8.534341696,95.65217391
2016,Japan,JPN,JP,East Asia & Pacific,High income,126994511,12.6994511,1867.892859,11693.31668,966.7226565,9399.86068,1084.5,2923.333333,21,147.0845349,920.773393,76.12318429,740.1785011,85.39739171,230.1936761,1.653614777,-,-,112788169,88813.42045,54,0.04252152284,-,-,25.86017101,4.124367175,15.81937483,6.348480694,41.47792453,13.90971199,4.7125,16.91507068,4.979436835,13.07691664,4.163669821,57.9104119,33.79019679,4.115411976,-,-,2.804513174,2.973020714,7.306490385,6.867230821,-,-,12.14340454,94.20289855
2016,Netherlands,NLD,NL,Europe & Central Asia,High income,17030314,1.7030314,323.4000007,4091.85,394.7269244,10781.6566,15.5,42,-,189.8966752,2402.686175,231.7790056,6330.861896,9.101417625,24.66190582,-,0.44841,1.000000001,13963529,81992.19932,7,0.04110317637,-,-,4.379405701,2.035997706,6.438762451,7.189008343,1.541698113,1.172404555,-,22.04669034,11.80744708,42.04312411,32.14290506,7.007529,4.422194844,-,18.78307764,60.39992523,1.194103787,2.818542062,1.713942308,6.666954471,-,-,10.62744149,86.95652174
2016,New Zealand,NZL,NZ,East Asia & Pacific,High income,4693200,0.46932,159.8333335,964.1666672,120.9833336,2272.700001,1,3,4,340.5636527,2054.390751,257.7843125,4842.538142,2.130742351,6.392227052,8.522969403,0.22284,-,7500000,159805.6763,1,0.02130742351,-,-,2.104524874,1.17672164,1.949423854,2.013125865,1,1,1.707142857,40.10618509,10.2026531,46.88248771,24.69441308,2.35685809,1.811678908,17.0572833,6.757989737,-,1.088776534,4.580766282,1,3.871712819,-,-,7.78917017,94.92753623
2016,Norway,NOR,NO,Europe & Central Asia,High income,5234519,0.5234519,107.7333336,1338.783334,77.20714315,1433.823812,4.5,3.5,2,205.8132439,2557.605262,147.4961561,2739.170137,8.596778424,6.686383219,3.820790411,0.25064,-,2052125,39203.69761,5,0.09551976027,-,-,1.37991947,1.27964099,1.231503334,1.502848898,1.130754717,1.002210315,1.353571429,23.95450845,12.52124693,26.35881186,14.16785952,6.670845571,1.853710264,8.198373146,8.240001723,-,1,1.849520538,1.475961538,14.35079974,-,-,5.887367655,94.92753623
2016,Singapore,SGP,SG,East Asia & Pacific,High income,5607283,0.5607283,471.1500011,12080.05,304.6000014,11152.75,18.33333334,51.5,-,840.2465171,21543.49977,543.2220941,19889.75765,32.69557349,91.84483822,-,0.86303,1.000000001,38934965,694364.1867,18,0.321011085,-,-,6.434308751,4.230615364,4.960699447,7.414739406,1.64754717,1.214400536,-,100,100,100,100,22.74899594,14.02182261,-,40.88638016,60.39992523,1.601028972,16.68679201,3.022836538,46.19110142,-,-,28.70278152,86.95652174
2016,South Africa,ZAF,ZA,Sub-Saharan Africa,Upper middle income,56203654,5.6203654,80.41666678,320.9166669,63.09090921,607.1590907,1.5,4,0,14.30808516,57.09889733,11.22541058,108.0284016,0.2668865622,0.7116974992,0,0.32488,1,2070628,3684.151924,4,0.007116974992,-,-,1,1,1,1,1.018679245,1.00442063,1,1,1,1,1,1.113337261,1,1,12.19772006,40.6000061,1.000301518,1.045117417,1.356971154,1.867963175,-,-,3.28202348,95.65217391
2016,Spain,ESP,ES,Europe & Central Asia,High income,46484062,4.6484062,558.6000012,7002.333333,741.7159107,13511.24481,8.5,7,17,120.1702212,1506.394457,159.5634888,2906.640304,1.828583741,1.505892493,3.657167482,0.43475,1.000000001,4152978,8934.197704,9,0.01936147491,-,-,7.65056101,2.835601887,12.12931047,8.849379699,1.280188679,1.017682518,4.005357143,13.68902264,7.677724262,28.60443852,15.00598374,2.155264958,1.113480851,7.890107377,18.054866,60.39992523,1.034234715,1.164014017,1.951923077,3.59693688,-,-,9.09572744,95.65217391
2016,Sweden,SWE,SE,Europe & Central Asia,High income,9923085,0.9923085,295.2500003,3500.533331,177.0230163,3600.042848,23.5,185.5,22,297.5385178,3527.666377,178.3951426,3627.947204,23.68215127,186.9378323,22.17052459,0.6472,0.9999999983,24751327,249431.7745,21,0.2116277347,-,-,3.98789625,1.873543837,2.868463127,2.820530452,1.840566038,1.806764903,4.889285714,34.94903512,16.99086709,32.10884706,18.6158493,16.73545221,27.60946034,42.76929161,29.38052954,1,1.36989771,6.610508264,3.379807692,30.74572286,-,-,12.83419632,95.65217391
2016,Switzerland,CHE,CH,Europe & Central Asia,High income,8373338,0.8373338,346.6000007,12637.21667,270.3146224,10171.12724,65.66666669,420.1666666,44,413.9328912,15092.20895,322.8277927,12147.0401,78.4235232,501.7911216,52.54774141,0.93529,1,7100996,84804.84127,5,0.05971334252,-,-,4.702070681,4.383687121,4.398426283,6.817631646,3.415849057,2.844139317,8.778571429,48.90049024,70.2752548,58.98651906,61.25065567,53.25761054,72.59818396,100,44.73854513,40.6000061,1.082274514,2.882239328,1.475961538,9.294786407,-,-,27.30376831,86.95652174
2016,United Kingdom,GBR,GB,Europe & Central Asia,High income,65611593,6.5611593,1627.169051,41990.25475,1483.224583,35529.27559,314.3333333,732.1666665,-,248.0002354,6399.822475,226.0613582,5415.091139,47.90820021,111.5910517,-,0.7508,1.000000002,233167509,355375.4731,95,0.1447914852,-,-,22.51219074,12.44791882,24.28990021,22.24264812,12.70566038,4.223375753,-,29.01119548,30.22451452,40.97911918,27.55982216,32.89850337,16.84331748,-,34.90342313,80.19984436,4.766169895,9.009791252,12.18509615,21.30816978,-,-,19.92321185,78.26086957
2016,United States,USA,US,North America,High income,322941311,32.2941311,7198.635722,360671.5214,6099.751969,163359.4447,2651,22398,560,222.9084814,11168.33026,188.8811298,5058.487072,82.08921899,693.5625526,17.34061208,1.71552,0.9999999992,6077301955,1881859.566,833,0.2579416048,-,-,100,100,100,100,100,100,100,26.00360612,52.19572659,34.06019896,25.775155,55.70327672,100,33.66973137,86.33243766,20.79999161,100,43.57973139,100,37.28543163,-,-,64.33660396,95.65217391
2016,Russia,RUS,RU,Europe & Central Asia,Upper middle income,144342396,14.4342396,224.5500002,2267.21666,270.0742427,2568.159097,14.5,52,-,15.55675992,157.0721232,18.71066645,177.9213293,1.004555862,3.602545159,-,-,-,-,-,-,-,-,-,3.004602541,1.534711741,4.394484105,2.192849611,1.504339623,1.216610851,-,1.149670722,1.460633189,2.392941638,1.34978741,1.605492901,1.413067136,-,-,-,-,-,-,-,-,-,1.055417794,79.71014493
2016,South Korea,KOR,KR,East Asia & Pacific,High income,51217803,5.1217803,685.9833338,11139.88334,776.6102572,9032.775639,760.5,3005,-,133.9345489,2175.002185,151.6289672,1763.600762,148.4835263,586.7100547,-,1.27308,-,-,-,-,-,-,-,9.422204989,3.972321086,12.70157058,6.12518786,29.37377358,14.27073007,-,15.33886528,10.75837818,27.12789241,9.285507377,100,84.73207154,-,62.74605696,-,-,-,-,-,-,-,17.53884363,84.05797101
2017,Australia,AUS,AU,East Asia & Pacific,High income,24601860,2.460186,768.8134938,15055.32857,746.1577452,16663.43619,20,87,216,312.5021823,6119.589564,303.2932247,6773.242424,8.129466634,35.36317986,87.79823965,0.65144,1.034707123,70823287,287877.7743,30,0.1219419995,-,-,10.89466724,6.22513074,11.75620429,7.264154459,2.008624156,2.075046026,25.2402746,41.94503572,44.29284093,58.264076,37.89851883,8.13104179,12.44472658,98.5580158,25.6131694,52.13735689,1.576005753,5.644014329,3.509615385,16.24422152,-,-,21.44194275,85.50724638
2017,Belgium,BEL,BE,Europe & Central Asia,High income,11375158,1.1375158,169.941667,2144.041663,233.2463333,3673.145627,4,6,12,149.3971926,1884.845611,205.0488734,3229.09416,3.516434673,5.274652009,10.54930402,0.26892,0.9014873758,62665941,550901.7193,4,0.03516434673,-,-,2.295412229,1.662961663,3.713712944,1.939735314,1.159256446,1.074141105,2.132723112,19.57318099,14.10249067,38.9733669,18.29819782,4.007838449,2.707056614,12.37757042,9.166841106,1,1.501333085,9.948615613,1.259615385,5.010591471,-,-,6.904756424,82.60869565
2017,Brazil,BRA,BR,Latin America & Caribbean,Upper middle income,207833831,20.7833831,460.4650798,2879.396032,383.2622061,4985.498398,-,-,17,22.15544397,138.5431822,18.44079976,239.8790598,-,-,0.8179611528,0.51353,1.110319327,8551702,4114.682369,11,0.005292689812,-,-,6.467064329,1.922797185,6.065973647,2.477638311,-,-,2.699084668,2.120410711,1.652745763,2.332053509,1.766842138,-,-,1.521091231,19.68377189,81.16164451,1.005969203,1,1.865384615,1.143614985,-,-,6.131185759,82.60869565
2017,Canada,CAN,CA,North America,High income,36543321,3.6543321,886.9531153,16181.99157,916.2185681,19247.75512,14.33333334,93,91,242.7127834,4428.166659,250.7212106,5267.106162,3.922285373,25.44924694,24.9019513,0.82202,1.159395798,353627252,967693.2537,88,0.2408100785,-,-,12.59104481,6.623234128,14.42277139,8.323406919,1.707806426,2.149187131,11.0812357,32.37256159,32.23434329,47.94133055,29.56908337,4.370594436,9.236241031,28.38966852,32.94720339,100,4.164804424,16.76974885,8.528846154,31.63205448,-,-,19.77523484,85.50724638
2017,China,CHN,CN,East Asia & Pacific,Upper middle income,1386395000,138.6395,6328.303119,64410.63051,6373.922567,122785.2446,422.8333333,1396.333333,399,45.64574396,464.5907588,45.97479483,885.6440236,3.049876358,10.07168472,2.877967679,1.48519,0.9190067908,5908175762,426153.8567,188,0.01356034896,-,-,90.72388425,23.66469612,100,50.76102513,23.39322579,18.25428277,45.96910755,5.34239417,3.977205198,7.738474156,5.338137593,3.590821004,4.259539393,3.819275386,61.45999105,7.724953275,55.01136099,7.907015144,17.18269231,2.213888509,-,-,24.46963499,94.20289855
2017,Denmark,DNK,DK,Europe & Central Asia,High income,5764980,0.576498,112.3250002,1360.883333,111.5004333,2623.135499,-,-,13,194.8402253,2360.603736,193.4099222,4550.120728,-,-,22.54994814,0.43348,0.9029940108,7899618,137027.674,5,0.08673056975,-,-,1.468089272,1.386234739,1.804727644,1.509360489,-,-,2.245995423,25.80625165,17.49426703,36.6880078,25.60391498,-,-,25.76572712,16.24204707,1.578332666,1,3.175229462,1.346153846,11.68599527,-,-,7.945469748,88.4057971
2017,Finland,FIN,FI,Europe & Central Asia,High income,5508214,0.5508214,153.1186872,1664.94697,129.0522603,3244.127961,16.5,76.5,19,277.9824589,3022.6621,234.2905709,5889.618596,29.95526318,138.8834929,34.49393941,0.50126,0.910005235,34857831,632833.6372,20,0.3630940991,-,-,2.053849532,1.493674821,2.079941673,1.763890912,1.82282497,1.945299092,2.925629291,37.21023124,22.21421566,44.71510241,33.01178459,27.63929536,45.94741733,39.09068079,19.15622706,4.269641418,1.246776547,11.28949824,2.644230769,47.46209141,-,-,15.90828651,94.20289855
2017,France,FRA,FR,Europe & Central Asia,High income,66864379,6.6864379,813.2253376,8883.60308,725.473716,13670.88167,639.6666667,873.5,-,121.6231048,1328.600252,108.4992827,2044.568703,95.66628394,130.6375701,-,0.91389,1.021249333,210830528,315310.6798,70,0.1046895238,-,-,11.53238094,4.044367863,11.43187708,6.037575692,34.90392779,11.79370924,-,15.76362336,10.13690447,20.01543147,11.74737729,86.37287939,43.27875653,-,36.89712544,46.97148754,2.857637569,6.092976193,6.971153846,14.01083628,-,-,17.31181945,85.50724638
2017,Germany,DEU,DE,Europe & Central Asia,High income,82657002,8.2657002,1438.450435,28857.47316,1062.982482,22115.50374,265.6666667,821,-,174.0264467,3491.231531,128.6016256,2675.575354,32.14085441,99.32612847,-,1.21065,1.092072618,245398420,296887.6369,38,0.04597311671,-,-,20.51004496,11.10208202,16.72404112,9.498830637,15.04995755,11.14497457,-,22.951386,25.55474235,23.96261463,15.23705436,29.59281251,33.14531011,-,49.65622924,74.15751415,3.174073419,5.791468077,4.201923077,6.409819492,-,-,17.17567629,85.50724638
2017,India,IND,IN,South Asia,Lower middle income,1338658835,133.8658835,2334.600001,10131.93889,1974.662542,21641.78444,20.25,26.75,49,17.43984307,75.68723726,14.7510515,161.6676622,0.1512708053,0.1998268663,0.366037998,2.38158,0.9838372442,2408548728,179922.5213,56,0.004183291406,-,-,33.37793806,4.485464018,31.01925627,9.304664071,2.021895527,1.330545761,6.323798627,1.473608068,1.204632957,1.607555263,1.334307045,1,1.064670764,1.016916792,100,32.61058841,22.97563682,3.877238607,5.759615385,1,-,-,11.9449242,85.50724638
2017,Ireland,IRL,IE,Europe & Central Asia,High income,4807388,0.4807388,100.709524,1104.776189,60.17877511,1380.41952,1,0,13,209.4890698,2298.079933,125.1797756,2871.454354,2.080131664,0,27.04171163,-,0.9744482508,57283934,1191581.25,17,0.3536223829,-,-,1.301301593,1.295739957,1,1,1,1,2.245995423,27.81552078,17.04852213,23.29071938,16.3203305,2.724047352,1,30.7768276,-,29.00655589,1.45206598,20.43385842,2.384615385,46.23594905,-,-,10.33327498,84.05797101
2017,Israel,ISR,IL,Middle East & North Africa,High income,8713300,0.87133,157.09359,4400.915385,141.1583337,2442.899999,21,65,-,180.2917265,5050.80209,162.0032981,2803.645001,24.10108684,74.59860214,-,0.90699,1.001775881,527442992,6053309.217,67,0.7689394374,-,-,2.110925523,2.460422023,2.269765858,1.435486133,2.061709638,1.803195307,-,23.81074616,36.67323782,30.52117947,15.94532218,22.4067369,25.14264239,-,36.60046208,39.49646293,5.755920577,100,6.711538462,100,-,-,20.69117061,85.50724638
2017,Italy,ITA,IT,Europe & Central Asia,High income,60536709,6.0536709,660.1650555,6611.909577,634.6946857,10785.93477,127,173,62,109.0520225,1092.214903,104.844597,1781.71806,20.97900631,28.57770151,10.24171962,0.53141,1.028776289,14840526,24514.92036,17,0.02808213443,-,-,9.334574436,3.241670973,10.00845473,4.855102797,7.688770722,3.137735201,7.796338673,14.03934487,8.451665275,19.29781791,10.29372564,19.6161703,10.24871523,12.03442316,20.45251693,49.86076359,1.063537346,1.333866525,2.384615385,4.093777633,-,-,9.96516306,94.20289855
2017,Japan,JPN,JP,East Asia & Pacific,High income,126785797,12.6785797,1718.512639,9089.710618,1030.47725,8875.928298,1059.5,1726,-,135.5445704,716.9344542,81.27702586,700.0727611,83.56614268,136.1351225,-,-,-,235168617,185484.9854,82,0.06467601414,-,-,24.53148361,4.117195416,16.21435652,4.072235394,57.19098262,22.32792461,-,17.67312353,5.776214686,14.67022199,4.311866669,75.55757542,45.05795127,-,-,-,3.080429398,3.968272866,8.009615385,8.830966227,-,-,14.33592798,82.60869565
2017,Netherlands,NLD,NL,Europe & Central Asia,High income,17131296,1.7131296,243.876191,3845.859522,411.759429,13378.59,16.83333334,51.5,-,142.3571171,2244.932037,240.3550957,7809.444188,9.826071153,30.06194044,-,0.6419,0.9434917267,53216559,310639.4227,10,0.05837269988,-,-,3.357044782,2.264294502,6.512812347,5.917772108,1.840520131,1.63637782,-,18.60754807,16.66961998,45.90589845,43.6290599,9.64749463,10.72906538,-,25.20300007,17.12367175,1.414833069,6.016527262,1.778846154,8.014983099,-,-,10.28497134,76.8115942
2017,New Zealand,NZL,NZ,East Asia & Pacific,High income,4793900,0.47939,149.0333335,692.1000007,109.7000003,2107.516668,1,16,4,310.8811897,1443.709716,228.8324753,4396.246621,2.085984272,33.37574835,8.343937087,0.12314,-,-,-,1,0.02085984272,-,-,1.995187567,1.149921918,1.776496712,1.298020276,1,1.197709614,1.226544622,41.72269666,10.95754323,43.64338141,24.75293989,2.729278508,11.80152622,9.917219315,2.899075397,-,-,-,1,3.15883009,-,-,7.373925973,91.30434783
2017,Norway,NOR,NO,Europe & Central Asia,High income,5276968,0.5276968,110.1250002,1243.125005,89.64351891,1871.209256,4,19,-,208.6899148,2355.756194,169.8769424,3545.993183,7.580110397,36.00552438,-,0.5269,-,37983527,719798.3198,11,0.2084530359,-,-,1.436499272,1.344625145,1.462009504,1.201163342,1.159256446,1.234780167,-,27.70590685,17.45970792,32.06720405,20.05075502,7.640018209,12.6526111,-,20.25861088,-,1.275389292,12.71274617,1.865384615,27.44333728,-,-,8.589545694,84.05797101
2017,Singapore,SGP,SG,East Asia & Pacific,High income,5612253,0.5612253,412.9269245,7819.848744,289.506554,10103.45284,18.5,35.5,50,735.7596396,13933.52856,515.8472971,18002.48997,32.96358878,63.25445414,89.09078048,0.9845,1.126419788,67513097,1202958.901,22,0.3919994341,-,-,5.784459633,3.668493082,4.595877638,4.575369264,1.928995934,1.438668206,6.437070938,100,100,100,100,30.32818593,21.47129064,100,39.9329804,87.34192204,1.545704143,20.62006296,2.817307692,51.2039746,-,-,35.62228923,85.50724638
2017,South Africa,ZAF,ZA,Sub-Saharan Africa,Upper middle income,57000451,5.7000451,79.72619055,267.8095235,66.44470915,1728.93783,-,-,2,13.98694031,46.98375519,11.65687428,303.3200264,-,-,0.3508744168,0.07897,1.117754508,9311841,16336.4339,10,0.01754372084,-,-,1,1,1.098250339,1.142849581,-,-,1,1,1,1,2.117691825,-,-,1,1,84.01569176,1.012927545,1.200018927,1.778846154,2.729548067,-,-,4.686173827,91.30434783
2017,Spain,ESP,ES,Europe & Central Asia,High income,46593236,4.6593236,596.6214657,5316.360867,778.0701434,13325.55038,3.833333343,3.5,30,128.0489438,1141.01559,166.9920809,2859.975294,0.8227231402,0.7511819956,6.438702819,0.67302,1.071935062,29808392,63975.79254,17,0.03648598264,-,-,8.422146254,2.783892263,12.2565932,5.8960324,1.150408866,1.043248978,4.171624714,16.64500619,8.799575288,31.50074884,16.25684748,1.600155068,1.243108018,7.791702162,26.54099478,66.42756839,1.200553783,1.979675868,2.384615385,5.181681245,-,-,10.14891724,94.20289855
2017,Sweden,SWE,SE,Europe & Central Asia,High income,10057698,1.0057698,208.996465,2885.752524,195.6022853,4740.345627,13,36.5,17,207.7975149,2869.197826,194.4801736,4713.151685,12.92542289,36.29061044,16.90247609,0.47701,1.028875786,42250767,420083.8701,22,0.2187379259,-,-,2.856203625,1.925043234,3.123451307,2.37715587,1.637025783,1.451025057,2.699084668,27.58350324,21.12013766,36.89815635,26.5055305,12.41774586,12.74487463,19.46529525,18.11360586,49.8989561,1.314451775,7.807674865,2.817307692,28.77474745,-,-,12.79686258,94.20289855
2017,Switzerland,CHE,CH,Europe & Central Asia,High income,8451840,0.845184,303.7213683,8917.26538,269.0436279,8856.792477,42.83333334,97,63,359.3553218,10550.67936,318.32551,10479.12937,50.67929982,114.7679085,74.53998183,0.85478,1.016750536,68714760,813015.3907,14,0.1656444041,-,-,4.216367123,4.056262347,4.275017344,4.064392065,3.220742661,2.198614535,7.909610984,48.37151987,75.88298057,61.21573114,58.39330865,46.16277793,38.14279482,83.76684031,34.35570939,45.24459181,1.556704213,14.23831953,2.125,21.90163019,-,-,25.51358707,85.50724638
2017,United Kingdom,GBR,GB,Europe & Central Asia,High income,66058859,6.6058859,1489.075039,30983.71563,1599.314999,42626.93408,286.75,478.0833333,142,225.4164032,4690.319527,242.1045449,6452.871685,43.40825809,72.37232683,21.49598133,0.76224,1.033152481,1236403390,1871669.309,146,0.2210150193,-,-,21.23696826,11.85338417,25.13377723,17.90599073,16.16917646,6.907604456,16.85812357,30.00015039,34.10328437,46.24941045,36.12676188,39.66380202,24.42214405,24.58990084,30.3769809,51.5405962,12.24577208,31.56405394,13.54807692,29.06952409,-,-,23.61661286,76.8115942
2017,United States,USA,US,North America,High income,324985539,32.4985539,6974.313079,280445.3704,6371.568144,242916.3937,1865.916667,8011.75,876,214.6037975,8629.472291,196.0569742,7474.683166,57.41537524,246.5263539,26.95504553,1.66255,1.039865378,10822797217,3330239.632,1145,0.3523233691,-,-,100,100,99.96308246,100,100,100,100,28.51706857,62.18630496,37.20776808,41.77771989,52.1835922,80.78430467,30.68014118,69.08552903,54.11738979,100,55.43474633,100,46.06778778,-,-,66.27297432,94.20289855
2017,Russia,RUS,RU,Europe & Central Asia,Upper middle income,144496740,14.449674,206.4242426,1779.696971,255.1042331,1462.566404,10.5,24,13,14.28573701,123.1651988,17.65467049,101.2179516,0.7266599925,1.660937126,0.8996742764,-,-,-,-,-,-,-,-,2.819268849,1.53422143,4.056446536,1.033670104,1.504312078,1.296564421,2.245995423,1.040983642,1.543112994,2.17769358,1,1.514292257,1.53753569,1.612252013,-,-,-,-,-,-,-,-,1.132561319,73.91304348
2017,South Korea,KOR,KR,East Asia & Pacific,High income,51361911,5.1361911,630.3435903,8259.054268,775.1601861,12292.95925,569.6666667,1571.166667,-,122.7258834,1608.011483,150.921212,2393.399896,110.9122803,305.901131,-,0.91818,-,-,-,-,-,-,-,8.906365306,3.823685192,12.21096484,5.472797215,31.18794405,20.4146722,-,15.91488301,12.12888391,28.34516329,13.67653004,100,100,-,37.08157265,-,-,-,-,-,-,-,17.68924826,76.08695652
2018,Australia,AUS,AU,East Asia & Pacific,High income,24982688,2.4982688,768.4011924,10207.95238,711.5694831,15590.13246,30.5,123,223,307.5734654,4086.010432,284.8250289,6240.374319,12.20845411,49.23409363,89.26181202,0.62201,1.37064234,161166330,645112.0472,43,0.1721191891,-,-,10.31751052,6.32507397,9.899505818,12.99466519,2.2834631,2.96996333,22.3245614,44.6213582,31.70806262,62.80578309,42.45549709,10.03579574,21.71422791,100,16.60269928,64.80678087,2.012219742,8.270343361,4.008683068,18.69080013,-,-,22.4930452,84.05797101
2018,Belgium,BEL,BE,Europe & Central Asia,High income,11427054,1.1427054,205.1333338,2034.899999,176.9568188,3135.701517,2,1,11,179.5155022,1780.773942,154.8577777,2744.103176,1.750232387,0.8751161936,9.626278129,0.2561,0.9402510633,15758720,137907.1106,6,0.05250697161,-,-,2.946206778,1.976828307,2.504586733,3.084165833,1.022128674,1.016015962,1.868421053,25.86418282,14.2361058,33.38450631,18.89180597,2.127782751,1.368187062,11.33263772,1.169970477,1,1.091181296,2.519194869,1.358176556,6.117801599,-,-,6.130903935,81.15942029
2018,Brazil,BRA,BR,Latin America & Caribbean,Upper middle income,209469333,20.9469333,500.7023816,1516.740478,320.7083339,3215.725,-,-,25,23.90337404,72.40871284,15.31051487,153.5176989,-,-,1.193492128,0.4306,1.608028623,8224540,3926.369499,8,0.00381917481,-,-,6.814223025,1.701155916,4.492999828,3.147843786,-,-,3.219298246,3.071035818,1.287983721,1.794558783,1.432131509,-,-,1.943451075,8.529734289,100,1.043458419,1,1.501447178,1,-,-,6.453605527,78.26086957
2018,Canada,CAN,CA,North America,High income,37057765,3.7057765,834.0440492,9921.240462,809.9936892,12366.09595,13.83333334,35.66666669,135,225.065934,2677.236596,218.5759689,3336.97835,3.73291086,9.624613542,36.42961199,0.87355,1.459087933,571789467,1542968.031,128,0.3454066914,-,-,11.17655729,6.172536853,11.26093829,10.42916767,1.545840629,1.57123598,13.83333333,32.53614149,21.03061771,47.80868258,22.88758516,3.626990506,5.049357342,41.17585968,27.21172501,77.91910191,4.613181935,18.45104689,10.09768452,36.90585842,-,-,18.42288378,84.05797101
2018,China,CHN,CN,East Asia & Pacific,Upper middle income,1392730000,139.273,7127.425007,51187.76666,7225.348024,100312.7159,495.0833334,937,585,51.17592791,367.5354639,51.87902913,720.2596043,3.554768931,6.727793614,4.20038342,1.25074,1.021904253,12613518376,905668.606,345,0.02477149196,-,-,93.53599233,28.1272467,100,80.41188499,22.84468949,16.00695643,57.25438596,7.065758701,3.524822272,10.0727394,5.25178126,3.492287999,3.830580194,5.291367595,43.12020245,13.10532702,80.88769937,11.22476938,25.64254703,3.202395862,-,-,27.90424702,92.75362319
2018,Denmark,DNK,DK,Europe & Central Asia,High income,5793636,0.5793636,108.7761908,902.0166661,100.7857148,1083.042858,5,6,7,187.751165,1556.909454,173.9593492,1869.366419,8.630159023,10.35619083,12.08222263,0.6587,0.9584961058,48591070,838697.3224,12,0.2071238165,-,-,1.685212107,1.374109175,1.450965694,1.450781504,1.154900719,1.096095772,1.48245614,27.07049413,12.53938155,37.70861578,12.99637455,7.330058111,5.357153373,14.06712207,18.15014762,3.704881562,1.299147417,10.46538837,1.787988423,22.37029993,-,-,8.388253364,86.95652174
2018,Finland,FIN,FI,Europe & Central Asia,High income,5515525,0.5515525,161.016667,1089.800002,105.6428576,1546.347618,41.00000003,63,13,291.9335276,1975.877186,191.5372654,2803.627249,74.3356254,114.2230341,23.56983243,0.60704,1.076563244,16504459,299236.41,11,0.1994370436,-,-,2.368866271,1.474014086,1.518151117,1.819452024,2.748165258,2.009005608,2.061403509,42.33051232,15.71484149,41.68780848,19.2929782,57.01342639,49.05698219,26.85759398,15.97132012,21.20868434,1.095904944,4.348492436,1.716353111,21.56230734,-,-,15.0843756,92.75362319
2018,France,FRA,FR,Europe & Central Asia,High income,66965912,6.6965912,751.4047638,6604.423817,574.4936887,7921.518178,824,571,-,112.207053,986.2366718,85.78897406,1182.917986,123.0476783,85.26726254,-,0.63697,1.170818898,502561913,750474.2308,105,0.1567961921,-,-,10.09508377,4.40791662,8.003433249,6.892435609,37.40166896,10.14511432,-,16.00523805,8.214111563,17.74908761,8.369943086,93.84717859,36.87443943,-,17.23365668,35.1823641,4.174681922,9.465035131,8.450072359,17.08012839,-,-,15.89052679,75.36231884
2018,Germany,DEU,DE,Europe & Central Asia,High income,82905782,8.2905782,1420.110716,16569.87143,909.4897571,15116.28882,282.3333334,680.5000001,153,171.2921201,1998.63882,109.7016077,1823.309358,34.0547217,82.08112675,18.4546839,1.02135,1.312603431,251028906,302788.1771,55,0.06634036695,-,-,18.84622165,9.709756415,12.63719706,12.61760845,13.42893864,11.89886217,15.57017544,24.65967029,15.88735753,23.16229906,12.68596546,26.55491079,35.53393861,21.16231317,33.4453817,56.20234077,2.581425765,4.388765586,4.868306802,7.571894357,-,-,16.51878771,84.05797101
2018,India,IND,IN,South Asia,Lower middle income,1352617328,135.2617328,1962.733334,6545.316668,2056.719049,15907.20953,35.00000003,55.66666684,-,14.51063278,48.39001048,15.20547613,117.6031772,0.2587575902,0.4115477873,-,2.59936,1.252083209,3391754280,250754.9038,71,0.00524908254,-,-,25.94734782,4.376470302,28.50600892,13.24697636,2.482621169,1.891555223,-,1.695242462,1.105940043,1.770780684,1.190079717,1,1.173150231,-,100,47.23003875,22.47535579,3.798765254,6.01447178,1.150304276,-,-,12.04795949,75.36231884
2018,Ireland,IRL,IE,Europe & Central Asia,High income,4867316,0.4867316,122.9500002,1725.149999,73.66666693,1136.066669,3.5,16,10,252.6032832,3544.35586,151.3496698,2334.072144,7.190821389,32.87232635,20.54520397,-,1.111147048,74312297,1526761.299,16,0.3287232635,-,-,1.870700152,1.812034417,1.075847075,1.492974717,1.088514697,1.256255393,1.771929825,36.56965003,27.60272882,32.59035999,16.12833478,6.241699019,14.8303523,23.48992864,-,26.33583556,1.462070382,18.2672803,2.074529667,35.15218543,-,-,11.41423687,81.88405797
2018,Israel,ISR,IL,Middle East & North Africa,High income,8882800,0.88828,187.0000003,3584.050001,143.9500003,2692.683334,12,17.5,46,210.5192059,4034.820103,162.0547579,3031.345222,13.50925384,19.70099518,51.78547305,1.16442,1.003531934,525967034,5921185.144,84,0.9456477687,-,-,2.708901725,2.801010567,2.048026744,2.731638171,1.464702157,1.280279336,5.245614035,30.40542253,31.32007847,35.01371938,20.82772071,11.01939901,9.288786778,58.27329884,39.4795445,10.38157643,4.322934248,68.09523395,6.945730825,100,-,-,20.16607356,84.05797101
2018,Italy,ITA,IT,Europe & Central Asia,High income,60421760,6.042176,630.3952393,4365.742863,526.5972599,8264.326514,151.3333333,78.33333334,67,104.3324854,722.5448022,87.15357844,1367.773218,25.04616439,12.9644243,11.08872036,0.366,1.179165214,38633679,63940.00936,22,0.03641072355,-,-,8.511471381,3.216888557,7.340915806,7.165222203,7.631226018,2.254583693,7.271929825,14.85181781,6.215525744,18.0579993,9.615805151,19.74306551,6.45451373,12.96094218,5.805145508,36.41973013,1.236075478,1.680488949,2.504341534,4.425849827,-,-,8.334706288,92.75362319
2018,Japan,JPN,JP,East Asia & Pacific,High income,126529100,12.65291,1750.192858,9704.48333,983.4678586,8106.095241,1405.833334,1203.666666,81,138.3233468,766.9763975,77.72661455,640.6506678,111.1075107,95.12963154,6.401689414,-,-,515692621,407568.3941,117,0.09246884709,-,-,23.16589956,6.057217237,13.66048385,7.039311116,63.15206944,20.27787963,8.622807018,19.83059878,6.552283781,15.92397468,4.715243814,84.81858815,41.02382747,7.742333722,-,-,4.257854233,5.576858492,9.309696093,10.31838087,-,-,16.00205945,79.71014493
2018,Netherlands,NLD,NL,Europe & Central Asia,High income,17231624,1.7231624,240.4761912,2252.328565,353.0638902,7124.936113,17.33333334,35.33333334,31,139.5551523,1307.09013,204.8929864,4134.80245,10.05902482,20.5049352,17.99017899,0.57321,1.117562231,54246619,314808.5114,20,0.1160656709,-,-,3.408727289,2.09250514,4.940551368,6.258562727,1.700741348,1.565897325,3.798245614,20.01102638,10.64593918,44.7112037,28.26465115,8.410498893,9.627027933,20.64512665,14.54449599,27.28690548,1.334970701,4.525063012,2.361070912,12.79875317,-,-,10.40599836,75.36231884
2018,New Zealand,NZL,NZ,East Asia & Pacific,High income,4841000,0.4841,140.2833336,617.2833335,91.36666702,2007.333329,-,-,3,289.781726,1275.115335,188.7351106,4146.52619,-,-,6.197066722,0.25207,-,1363605,28167.83722,1,0.02065688907,-,-,2.097535863,1.222624708,1.320678664,2.186277181,-,-,1.096491228,42.01532911,10.40359431,41.05347197,28.34366521,-,-,7.514503839,1,-,1,1.274871695,1,2.769890745,-,-,6.559042479,86.23188406
2018,Norway,NOR,NO,Europe & Central Asia,High income,5311916,0.5311916,111.9500003,525.5333337,80.59090941,1256.916664,2.5,0,10,210.7525802,989.3479748,151.7172135,2366.220897,4.706399725,0,18.8255989,0.39396,-,21348897,401905.7719,12,0.2259071868,-,-,1.726746721,1.173811667,1.171625226,1.589139993,1.044257348,1,1.771929825,30.43960581,8.237692897,32.67356254,16.34500656,4.363096776,1,21.57529533,6.98439477,-,1.126590502,5.512650557,1.787988423,24.34470765,-,-,7.448550118,81.88405797
2018,Singapore,SGP,SG,East Asia & Pacific,High income,5638676,0.5638676,386.6166679,7384.633332,253.2492438,8333.151515,18.5,80.5,-,685.6515039,13096.39591,449.1289157,14778.56063,32.80912044,142.7640106,-,0.94012,1.512480078,492534307,8734928.324,43,0.762590367,-,-,5.321220299,4.823005437,3.559885919,7.219989067,1.752374921,2.289284944,-,100,100,100,100,25.61304598,61.0650085,-,30.0194011,85.83464547,4.111165229,100,4.008683068,80.75798198,-,-,37.107986,75.36231884
2018,South Africa,ZAF,ZA,Sub-Saharan Africa,Upper middle income,57779622,5.7779622,56.41666672,198.8333327,68.18333356,516.5499987,-,-,2,9.764111423,34.41236302,11.80058491,89.40003082,-,-,0.3461427975,0.43529,1.244048299,75827691,131236.0455,10,0.01730713988,-,-,1,1,1,1,-,-,1,1,1,1,1,-,-,1,8.727541122,46.03883956,1.471669166,2.443552296,1.6447178,2.417782971,-,-,3.306550132,86.95652174
2018,Spain,ESP,ES,Europe & Central Asia,High income,46797754,4.6797754,508.5785727,3737.36905,649.7027794,8883.191667,1.5,7.5,-,108.6758507,798.6214573,138.832043,1898.208975,0.3205282031,1.602641016,-,0.62413,1.163589217,55063294,117662.2579,25,0.05342136719,-,-,6.917296183,2.882579711,9.043747437,7.65767848,1,1.120119715,-,15.48800835,6.792129507,29.75668797,13.19076368,1.046708018,1.674278103,-,16.69211303,34.11054239,1.34014367,2.289640411,2.719247467,6.213917986,-,-,7.269800096,84.05797101
2018,Sweden,SWE,SE,Europe & Central Asia,High income,10175214,1.0175214,193.1761909,1512.733337,173.6159096,2973.791667,12.5,19.5,17,189.8497573,1486.684543,170.626298,2922.583905,12.28475391,19.1642161,16.70726532,0.45039,1.100486867,103233984,1014563.271,22,0.2162116689,-,-,2.789727528,1.699024028,2.458374297,2.955327552,1.486830831,1.31231126,2.447368421,27.37788357,12.0071296,36.95409784,20.09470603,10.09349004,9.062948069,19.2167119,9.364403205,24.7554322,1.645265647,12.45951562,2.504341534,23.32556651,-,-,10.18229344,92.75362319
2018,Switzerland,CHE,CH,Europe & Central Asia,High income,8514329,0.8514329,350.4452391,8311.280952,238.1107154,5629.696429,44.83333337,93.16666684,-,411.5946648,9761.521961,279.6588144,6612.025949,52.6563319,109.4233813,-,0.56315,1.197946426,51808179,608482.2304,28,0.3288573885,-,-,4.847856544,5.316002582,3.350485356,5.068739442,2.917818427,2.492153799,-,59.85777014,74.72416651,61.63628366,44.96030403,40.62056926,47.03762741,-,14.12020245,39.20410036,1.319525175,7.855001355,2.934153401,35.16628394,-,-,20.61041108,75.36231884
2018,United Kingdom,GBR,GB,Europe & Central Asia,High income,66460344,6.6460344,1417.060718,23410.48571,1397.61714,31017.94831,256.5,215,170,213.2189863,3522.474351,210.2933955,4667.136287,38.59444363,32.35011844,25.57916342,0.81406,1.220537133,853908312,1284838.839,175,0.2633149175,-,-,18.80630731,13.34911537,19.38911812,25.27120836,12.28562381,4.443431838,17.21052632,30.80087044,27.43688346,45.93371881,31.8524021,29.98763395,14.61064411,29.09481235,24.70265711,42.55323962,6.400174394,15.52414455,13.46454414,28.27680885,-,-,20.51790295,75.36231884
2018,United States,USA,US,North America,High income,326687501,32.6687501,7621.363107,186281.2786,6025.225481,124928.915,2238.416667,6181.333334,1028,233.2921548,5702.124447,184.4339151,3824.110645,68.51858917,189.2124221,31.46738081,1.76702,1.253894009,15630845142,4784647.437,1383,0.4233403469,-,-,100,100,83.39955318,100,100,100,100,33.74106981,43.95698997,40.07979081,26.17069292,52.61485853,80.60721822,35.65083928,64.89498102,47.49849521,100,55.20814107,100,45.09782874,-,-,64.04183903,92.75362319
2018,Russia,RUS,RU,Europe & Central Asia,Upper middle income,144477860,14.447786,188.7333336,1504.900003,233.9500002,1404.616665,20.5,29,16,13.06313186,104.1612883,16.19279246,97.22020145,1.418902523,2.007227959,1.107436115,-,-,-,-,-,-,-,-,2.731585296,1.69485652,3.292933125,1.706670916,1.840889617,1.464462899,2.350877193,1.483221061,1.528644335,1.994283966,1.052705319,1.877246767,1.844499702,1.847635058,-,-,-,-,-,-,-,-,1.214114172,68.11594203
2018,South Korea,KOR,KR,East Asia & Pacific,High income,51606633,5.1606633,734.8583339,4206.766678,806.7333346,9785.733331,677,1214.333333,-,142.3961013,815.1600741,156.3235746,1896.216196,131.1846871,235.3056696,-,0.90898,-,-,-,-,-,-,-,9.878546013,3.13230969,11.21584011,8.375867744,30.89583876,20.44871657,-,20.42715183,6.917479769,33.71632542,13.17733302,100,100,-,28.70603121,-,-,-,-,-,-,-,17.58597455,68.11594203
2019,Australia,AUS,AU,East Asia & Pacific,High income,25364307,2.5364307,860.8407758,6957.414283,873.8591663,11443.03053,39,58.5,353,339.3906152,2742.994036,344.5231783,4511.469809,15.37593753,23.0639063,139.1719474,0.61674,1.778568248,209015637,824054.1995,45,0.1774146638,-,-,9.519242131,9.124324881,8.994523418,14.6018494,2.250423752,3.144735218,22.43676743,44.53441227,40.07275827,63.93270594,52.47070902,12.41114721,21.18468356,80.33899403,18.87597704,53.65893673,1.974377578,8.310464688,3.846423562,14.85107283,-,-,22.11520586,82.60869565
2019,Belgium,BEL,BE,Europe & Central Asia,High income,11484055,1.1484055,172.2574408,603.2476189,226.2605167,1569.598014,1.333333343,0,15,149.9970531,525.2914749,197.0214499,1366.762885,1.161030092,0,13.06158844,0.53142,1.145368133,19342202,168426.588,6,0.05224635375,-,-,2.016349392,1.643911206,2.617633799,2.326990892,1.027065449,1,1.793954349,19.23505054,8.371466839,35.76610851,16.18488206,1.80274039,1,8.269270871,15.50407582,12.84086836,1.028801999,2.325941257,1.13884993,4.687653094,-,-,6.390073398,79.71014493
2019,Brazil,BRA,BR,Latin America & Caribbean,Upper middle income,211049527,21.1049527,463.4923619,579.1055551,424.7816859,2334.940842,-,-,32,21.96130778,27.43932021,20.12710912,110.6347347,-,-,1.51623178,0.3667,2.49744515,56503687,26772.71435,16,0.0075811589,-,-,5.189682617,1.615490072,4.572467374,3.278481158,-,-,2.832202344,2.131920965,1.254842399,1.986764113,1.690797298,-,-,1.671314408,8.994235575,100,1.214062484,1.032934509,1.833099579,1.060927427,-,-,6.379964651,73.91304348
2019,Canada,CAN,CA,North America,High income,37589262,3.7589262,1058.322918,4965.775003,940.4351331,7319.173455,25.83333334,21.66666669,217,281.5492676,1321.062117,250.1871766,1947.14476,6.872530071,5.764057482,57.72925257,1.07745,1.947019282,673139996,1790777.366,109,0.28997643,-,-,11.671033,6.779676638,9.650095494,9.474983744,1.822789655,1.794346378,14.13078347,36.80791322,19.74673306,45.91851579,22.88173389,6.065161062,6.044491369,33.79600963,37.08353227,64.51781953,4.288168434,17.1346468,8.289621318,23.99086608,-,-,17.35858731,82.60869565
2019,China,CHN,CN,East Asia & Pacific,Upper middle income,1397715000,139.7715,9164.776895,30169.59007,10115.82935,71717.20525,515.6666667,329.6666667,961,65.56971124,215.849369,72.37404874,513.1032095,3.689354888,2.358611496,6.875507525,1.05452,0.9616838117,10254446693,733657.9126,413,0.02954822693,-,-,100,36.45075278,100,89.53596835,17.73186068,13.08628564,59.5694016,7.957170572,3.948098911,11.96372188,6.334759929,3.689597418,3.064170139,4.734040757,36.17732393,1,52.05368515,7.485333642,29.39481066,2.844609995,-,-,26.68279964,91.30434783
2019,Denmark,DNK,DK,Europe & Central Asia,High income,5818553,0.5818553,112.316667,505.3666669,118.1634926,1086.401586,0.5,0,-,193.0319566,868.5435483,203.0805471,1867.133608,0.8593201781,0,-,0.63531,1.093803992,41169647,707558.1678,12,0.2062368427,-,-,1.363226998,1.528681303,1.553204788,1.726270952,1,1,-,24.9836915,13.27813656,36.92314005,21.95850928,1.577578072,1,-,19.60987537,9.516881818,1.137617969,7.24709698,1.555399719,17.19137687,-,-,7.46139492,76.8115942
2019,Finland,FIN,FI,Europe & Central Asia,High income,5520314,0.5520314,122.7812505,573.0666672,110.5791673,1267.034524,28,37,-,222.4171496,1038.1052,200.3131838,2295.221837,50.72175242,67.02517284,-,0.79561,1.268219382,56609193,1025470.526,14,0.2536087621,-,-,1.477250448,1.608380819,1.478522103,1.950837612,1.893159823,2.356499198,-,28.90899192,15.70196176,36.39469059,26.89809054,38.78928476,59.65796915,-,25.94503437,20.76024573,1.214588462,10.14897897,1.694249649,21.03788323,-,-,13.54166451,82.60869565
2019,France,FRA,FR,Europe & Central Asia,High income,67059887,6.7059887,866.6145857,3854.666665,643.2605297,5332.259971,890.1666667,257,74,129.2299502,574.8095974,95.9232946,795.1489645,132.7420469,38.32395363,11.03491272,0.71063,1.368674809,586826037,875077.581,113,0.1685060996,-,-,9.582154308,5.471629424,6.723823729,7.004811202,29.89507354,10.4221701,5.397285626,16.46096233,9.079311281,16.46063276,9.589201028,100,34.53971642,7.111063416,22.58657017,27.23591814,3.857869,8.776202582,8.567321178,14.127715,-,-,16.04042869,73.91304348
2019,Germany,DEU,DE,Europe & Central Asia,High income,83132799,8.3132799,1522.626887,8362.055945,1097.970115,10837.66199,392.8333334,218.5,227,183.1559752,1005.867244,132.0742389,1303.656573,47.2537119,26.28324832,27.30570879,0.94796,1.619494674,918488837,1104845.317,73,0.08781131019,-,-,16.73014887,10.77793286,11.20133899,13.84924253,13.74241347,9.010677694,14.74151758,23.66444907,15.24113132,23.36393556,15.45671732,36.20112969,24.00213344,16.40952056,31.96600426,43.40455451,5.511301618,10.87350657,5.790322581,7.575457363,-,-,15.88697436,82.60869565
2019,India,IND,IN,South Asia,Lower middle income,1366417754,136.6417754,2203.367362,3277.230557,2232.705161,10798.60714,46.33333337,35.50000003,120,16.1251371,23.98410403,16.33984302,79.02859218,0.3390861487,0.2598034161,0.8782087297,2.66944,1.84580641,490898394,35925.93792,101,0.007391590142,-,-,24.1475848,4.791845403,22.37504995,13.80068872,2.488599706,2.301505988,8.206662554,1.352320058,1.205451279,1.263556321,1.326103531,1.189333953,1.227370406,1.306696109,100,57.99331989,3.379642639,1.1164845,7.734221599,1.045534818,-,-,11.73872601,73.91304348
2019,Ireland,IRL,IE,Europe & Central Asia,High income,4941444,0.4941444,124.877778,405.3166663,61.98333351,502.2166658,5.5,6.5,6,252.7151537,820.2393193,125.4356692,1016.335844,11.13034975,13.15404971,12.14219973,-,1.390071198,81199491,1643234.063,18,0.3642659919,-,-,1.500094482,1.410897897,1,1,1.162392695,1.238303913,1.244293646,32.95622645,12.58764431,22.09624927,12.14140988,9.242718393,12.5119411,7.743857335,-,28.61519654,1.337178034,15.78788175,1.971949509,30.02303188,-,-,8.889603049,79.71014493
2019,Israel,ISR,IL,Middle East & North Africa,High income,9053300,0.90533,193.5333338,1713,145.3884924,1421.009524,13.5,5.5,53,213.7710379,1892.127733,160.5917096,1569.603928,14.91168966,6.075132824,58.54218904,1.01001,1.159793833,984002837,10868996.24,111,1.226072261,-,-,2.248174264,2.950362127,1.82128876,2.142262564,1.422221007,1.201641773,4.114743985,27.75403658,27.90991862,28.80956745,18.52540382,12.06468486,6.316733082,34.26058769,34.41826013,13.77079425,5.83790739,100,8.428471248,100,-,-,19.72713907,82.60869565
2019,Italy,ITA,IT,Europe & Central Asia,High income,60297396,6.0297396,688.8241084,3130.930955,637.8894859,4937.353968,128.6666667,39.5,-,114.237787,519.2481206,105.7905529,818.8336969,21.33867716,6.550863324,-,0.39614,1.457366955,19976944,33130.69108,18,0.0298520354,-,-,7.644926359,4.619614865,6.67093518,6.513855771,5.162666084,2.448154549,-,14.45829574,8.285079178,18.34486215,9.862492029,16.86106488,6.73307494,-,10.15772329,32.95329246,1.031966367,1.09096968,1.971949509,2.869278643,-,-,7.167281894,82.60869565
2019,Japan,JPN,JP,East Asia & Pacific,High income,126264931,12.6264931,1830.881252,3021.716669,1168.989756,6238.992928,1378.5,675,98,145.0031483,239.3155918,92.58229876,494.1192205,109.1752072,53.45902419,7.761458326,-,-,612370665,484988.7139,112,0.08870238087,-,-,20.08892814,4.491042846,11.90066783,8.132080644,45.75542676,25.74694482,6.863047502,18.56796027,4.283540454,15.82264373,6.115709392,82.4123636,47.78537419,5.240345151,-,-,3.985216177,5.215498419,8.497896213,7.647810543,-,-,14.93420439,76.8115942
2019,Netherlands,NLD,NL,Europe & Central Asia,High income,17332850,1.733285,319.8944452,1458.399999,427.5225597,4499.22934,32.66666669,25.83333334,73,184.559634,841.4080769,246.6545085,2595.781617,18.84667939,14.90426176,42.11655902,0.58594,1.321699881,102790000,593035.7673,23,0.1326960079,-,-,3.625021215,2.650635438,4.599456698,5.969170039,2.044726339,1.947105296,5.336212215,23.85195107,12.89024438,45.24392545,30.3661594,15.00131825,14.04366239,24.87364583,17.65874125,24.2077667,1.444812812,6.201744439,2.319074334,11.22000623,-,-,11.61342635,73.91304348
2019,New Zealand,NZL,NZ,East Asia & Pacific,High income,4917000,0.4917,135.4812503,191.5000002,116.9166672,819.5761904,1.5,3,11,275.5364049,389.4651215,237.7804906,1666.82162,3.050640635,6.101281269,22.37136465,0.32035,-,26020127,529187.0449,6,0.1220256254,-,-,1.615631283,1.159183203,1.540927326,1.394548021,1.032478539,1.109986421,1.549660703,36.00470964,6.429876073,43.54936301,19.64716951,3.212932996,6.33961724,13.58963472,7.162453793,-,1.062093339,5.618937723,1.13884993,10.35359223,-,-,7.432347532,84.05797101
2019,Norway,NOR,NO,Europe & Central Asia,High income,5347896,0.5347896,137.7333336,220.0333336,97.37721902,1175.507899,1.5,0,21,257.5467691,411.439066,182.0851023,2198.075465,2.804841381,0,39.26777933,0.16442,-,68188912,1275060.547,8,0.1495915403,-,-,1.640170273,1.19277394,1.34852281,1.837049791,1.032478539,1,2.160394818,33.60163797,6.743986014,32.91389726,25.77714779,3.029496101,1,23.24562125,1,-,1.272316627,12.4272194,1.27769986,12.59189011,-,-,7.50419557,79.71014493
2019,Singapore,SGP,SG,East Asia & Pacific,High income,5703569,0.5703569,430.3979182,3955.583333,304.2277795,4922.516682,28.33333334,19.5,99,754.6115743,6935.277425,533.3989638,8630.590218,49.6764979,34.18911913,173.5755279,0.7581,1.942416745,428597323,7514546.12,52,0.9117098434,-,-,4.829081294,5.59043311,3.385375716,6.495409746,1.903986003,1.714911739,6.924120913,100,100,100,100,38.00922444,30.92106115,100,24.46261507,64.22112556,3.069054225,69.38081158,4.332398317,74.47439215,-,-,38.16881823,73.91304348
2019,South Africa,ZAF,ZA,Sub-Saharan Africa,Upper middle income,58558270,5.855827,78.98125003,56.28333335,87.60119066,828.3690589,0.5,0,2,13.48763378,9.611508903,14.95966166,141.4606441,0.08538503614,0,0.3415401445,0.44997,1.848013631,13564796,23164.61193,4,0.006830802891,-,-,1,1,1.252258474,1.4054795,1,1,1,1,1,1,2.046488192,1,1,1,12.28511948,58.13560428,1,1,1,1,-,-,4.096588633,85.50724638
2019,Spain,ESP,ES,Europe & Central Asia,High income,47076781,4.7076781,522.2852194,1462.714287,727.491806,5087.551162,6,40,64,110.9432736,310.7082209,154.5330395,1080.692234,1.27451365,8.496757669,13.59481227,0.56563,1.448902056,47699603,101322.9919,21,0.04460797776,-,-,5.830297168,2.655714415,7.553247249,6.700584076,1.178631965,2.466485619,4.786551511,14.01821168,5.304073406,27.65261749,12.8839989,1.887431744,8.43605019,8.573998368,16.856077,32.40761847,1.170171642,1.713424279,2.180224404,4.06743204,-,-,7.651038255,82.60869565
2019,Sweden,SWE,SE,Europe & Central Asia,High income,10285453,1.0285453,247.3491077,872.8345243,190.9527786,1807.048013,28.5,60,-,240.4844082,848.6106779,185.6532508,1756.896865,27.70903722,58.3348152,-,0.69384,1.241087808,67337510,654686.867,22,0.2138943224,-,-,2.834557871,1.961281159,2.269959281,2.622193715,1.909399092,3.199728429,-,31.32243251,12.99320307,33.59526285,20.68652067,21.61518455,52.05248737,-,21.92301858,19.01125929,1.268072148,6.764491407,2.249649369,17.81314911,-,-,11.64053866,82.60869565
2019,Switzerland,CHE,CH,Europe & Central Asia,High income,8574832,0.8574832,362.1611122,3649.699997,303.0564879,3766.950759,80.33333337,97.00000003,114,422.353595,4256.293298,353.425569,4393.031559,93.68502307,113.1217498,132.9472111,0.6786,1.400983619,145563404,1697565.667,25,0.2915509015,-,-,4.085564264,5.23033335,3.373842034,5.05878594,3.592870032,4.556227627,7.840222085,55.61668144,61.70484805,65.6326864,51.1040857,70.85223383,100,76.78167307,21.32072399,29.31864552,1.658050297,16.28381686,2.457924264,24.11871006,-,-,27.75399658,73.91304348
2019,United Kingdom,GBR,GB,Europe & Central Asia,High income,66834405,6.6834405,1582.028079,9960.007134,1686.254148,17216.28579,277.5,130,275,236.7086352,1490.251486,252.3033082,2575.961556,41.52053123,19.45105968,41.14647239,0.90512,1.547286383,1803570503,2698565.96,185,0.2768035415,-,-,17.37739191,12.6591136,16.99415888,21.7792815,9.996555307,5.766078262,17.67304133,30.81806137,22.16523659,46.3226075,30.13746168,31.92252899,18.02285291,24.31925937,30.27293994,38.74978126,9.9236834,25.42087822,13.56591865,22.92125354,-,-,20.30945837,73.91304348
2019,United States,USA,US,North America,High income,328239523,32.8239523,8667.278484,84150.89722,7224.822448,80134.07704,3048.666667,2700.333333,1623,264.0534694,2563.703982,220.1082423,2441.329317,92.87932907,82.26715993,49.44559952,1.62233,1.607240748,19872019769,6054121.572,1430,0.4356574696,-,-,94.57919322,100,71.53231877,100,100,100,100,34.47080882,37.50986893,40.17471034,28.58398078,70.25095452,72.99719635,29.06205607,58.61753998,42.61462791,100,56.05015745,100,35.81987897,-,-,62.37560419,91.30434783
2019,Russia,RUS,RU,Europe & Central Asia,Upper middle income,144373535,14.4373535,233.366667,500.7499999,272.476166,732.9392205,18,5,11,16.16408901,34.68433462,18.87299954,50.76686808,1.246765898,0.3463238605,0.7619124932,-,-,-,-,-,-,-,-,2.682203396,1.523246353,3.072718279,1.286839122,1.568374433,1.183310702,1.549660703,1.357523288,1.358407376,1.747282177,1,1.866723945,1.303089921,1.240234974,-,-,-,-,-,-,-,-,1.033618849,62.31884058
2019,South Korea,KOR,KR,East Asia & Pacific,High income,51709098,5.1709098,859.285219,3522.098413,1023.613469,7867.450476,608.3333334,344.6666667,-,166.1767952,681.137082,197.956164,1521.48283,117.6453191,66.65493695,-,1.02688,-,-,-,-,-,-,-,9.502292584,5.080114968,10.46915073,10.15661324,20.74153863,13.63621775,-,21.39635499,10.59922592,35.94459942,17.97014895,88.7335017,59.3339523,-,35.08497337,-,-,-,-,-,-,-,15.39312202,60.14492754
2020,Australia,AUS,AU,East Asia & Pacific,High income,25651000,2.5651,658.1523833,1225.830952,1137.712018,3620.283729,38,10.5,349,256.57962,477.8881727,443.5351518,1411.361635,14.81423726,4.093407664,136.0570738,0.64328,2.103858948,289944519,1143120.208,32,0.1261615387,0.68037,9,9.877995585,7.971880806,8.396808878,12.741052,2.346653769,2.766855524,18.74921136,44.54908422,43.60331858,62.1852082,40.41208255,13.87315423,15.67902284,73.2576978,16.89365867,39.70692747,2.159820176,9.11476072,2.981524249,11.4552274,13.12260618,4.771428571,20.75527181,82.60869565
2020,Belgium,BEL,BE,Europe & Central Asia,High income,11525000,1.1525,126.0000002,103.5833334,284.9920398,579.5738455,1.5,0,14,109.327549,89.8770789,247.2815963,502.8840308,1.301518438,0,12.14750542,0.41058,1.355008702,28097532,244665.5994,14,0.1219081587,-,-,1.930880329,1.533982867,2.258439215,2.262711333,1.035910767,1,1.312302839,18.46477923,8.883841998,33.94409834,14.65844792,2.112308269,1,6.981875206,7.068057937,4.917803919,1.060621315,2.651521168,1.609699769,11.08693292,-,-,5.717009788,78.26086957
2020,Brazil,BRA,BR,Latin America & Caribbean,Upper middle income,212559000,21.2559,374.5750007,108.8333335,543.3468988,874.7075039,0.5,0,44,17.62216611,5.120147043,25.56216856,41.15128053,0.02352288071,0,2.070013502,0.47105,3.401692223,31842570,15087.72394,14,0.006633514038,0.34853,7,5.643076762,1.564100075,4.118226331,3.279747201,1,1,2.873817035,2.220042164,1.299738457,2.038420501,1.569191241,1,1,1.591701747,9.62136295,100,1.076342487,1,1.609699769,1.105455771,1.504174933,2.885714286,6.772764169,73.91304348
2020,Canada,CAN,CA,North America,High income,37912000,3.7912,779.2127362,818.1142859,1343.184276,3838.241957,17.16666669,12,236,205.5319519,215.7929642,354.2900074,1012.408197,4.528029829,3.165224731,62.24941971,0.9943,2.722233857,796623489,2119284.728,111,0.2952970984,0.85278,19,11.68589988,5.632968929,9.875916566,13.49213996,1.598512787,3.019263456,12.86750789,35.50647495,20.15087457,49.3427304,29.10250153,4.920514667,12.35054456,33.78001215,31.7152417,68.4345953,4.286791171,16.13702436,9.002309469,26.10044907,19.15905064,14.2,19.65278746,82.60869565
2020,China,CHN,CN,East Asia & Pacific,Upper middle income,1402667000,140.2667,5239.98731,5080.466667,13862.89402,28941.95955,362,136.5,1056,37.3573151,36.22004843,98.83239584,206.3352139,2.580797866,0.9731461566,7.528515321,1.05364,1.270676355,9933432648,710690.8524,310,0.02217905653,0.85812,20,78.30270137,30.08442613,100,100,13.98174234,23.96912181,55.5488959,5.715936257,4.082577183,12.58208954,6.25184566,3.22573396,4.489717083,4.511304349,34.22083323,1,42.64190204,6.003980845,24.16859122,2.451523482,19.34601551,15.14285714,26.71462705,91.30434783
2020,Denmark,DNK,DK,Europe & Central Asia,High income,5838000,0.5838,96.49166699,136.5583335,139.3988463,265.2350653,0.5,0,30,165.2820606,233.9128701,238.778428,454.3252232,0.856457691,0,51.38746146,0.57413,1.36960924,50502777,867961.1065,9,0.1546776321,-,-,1.490205566,1.723147612,1.210375531,1.179494271,1,1,2.14511041,28.37658921,21.77225513,32.72048275,13.28189688,1.724947964,1,27.97024922,13.97384651,5.596096989,1.154675557,7.135340534,1.228637413,13.92439774,-,-,8.163988604,75.36231884
2020,Finland,FIN,FI,Europe & Central Asia,High income,5528000,0.5528,93.27500038,235.0750002,143.765513,450.9842692,16,13.5,14,168.731911,425.2442116,260.06786,815.8181425,28.94356006,24.4211288,25.32561505,0.79877,1.380629822,155986034,2825673.214,11,0.1992640274,-,-,1.44216816,2.288299398,1.241809314,1.819589352,1.556616891,3.271671388,1.312302839,28.98769741,38.89270385,35.78405623,23.52954253,26.17066379,88.57454344,14.03048386,23.45911917,6.108077026,1.597480255,21.21859215,1.381062356,17.78507402,-,-,15.47507061,81.15942029
2020,France,FRA,FR,Europe & Central Asia,High income,67206000,6.7206,630.1421017,678.1666673,773.7532973,1775.912372,624.6666667,66.5,93,93.76277442,100.9086491,115.1315801,264.2490807,92.94805028,9.894949856,13.83805017,0.60929,1.626709008,549677685,819681.7943,68,0.1014019007,0.71157,18,9.459692589,4.830143893,5.776824327,6.385315302,23.41430385,12.19008499,5.424290221,15.70762733,9.870953836,14.9275607,7.893595065,81.87721404,36.48344235,7.88610113,15.45845382,17.54010799,3.250145497,6.788032214,5.72517321,9.311323488,14.2149852,13.25714286,14.89420518,73.91304348
2020,Germany,DEU,DE,Europe & Central Asia,High income,83191000,8.3191,1114.36234,1662.715477,1342.968244,3348.982773,326.5000001,38.5,269,133.9522713,199.8672305,161.431915,402.5655146,39.24703394,4.627904461,32.33522857,0.82786,2.155303169,578325343,695664.4669,59,0.07097078495,0.68397,15,16.69099356,10.47811734,9.874361445,11.80614405,12.7069101,7.478470255,14.5851735,22.82681477,18.7258299,21.59023156,11.81460631,35.13833127,17.59573657,17.77973348,24.68742483,42.09685709,3.370404559,5.89588509,5.03926097,6.676333921,13.24864991,10.42857143,15.47885645,82.60869565
2020,India,IND,IN,South Asia,Lower middle income,1380004000,138.0004,1494.411112,928.0333339,3188.99601,5342.590744,44.83333337,15.5,133,10.82903464,6.724859739,23.10859976,38.71431346,0.3248782857,0.112318515,0.9637653224,2.61149,2.831134858,496679517,36349.02397,74,0.0054156205,3.16172,110,22.36660733,6.26353174,23.16313281,18.6761528,2.592044013,3.608215297,7.506309148,1.016703481,1.443329158,1.685349159,1.500107799,1.262285817,1.402775922,1,100,73.49377826,3.027666229,1.152948044,6.182448037,1,100,100,21.74288114,73.91304348
2020,Ireland,IRL,IE,Europe & Central Asia,High income,4991000,0.4991,91.3504331,81.95238104,110.174243,221.6952387,6.833333343,0.5,15,183.0303208,164.2003227,220.7458284,444.1900195,13.69131105,1.001803246,30.05409738,-,1.530305934,73025787,1477822.819,22,0.4452139901,-,-,1.413426847,1.409894509,1,1.02945525,1.227434859,1.084135977,1.364353312,31.52052483,15.53433257,30.12557115,12.99458288,12.89581115,4.592481846,16.5596191,-,13.06153775,1.24922416,11.52252081,2.219399538,39.081552,-,-,9.085720843,77.53623188
2020,Israel,ISR,IL,Middle East & North Africa,High income,9197000,0.9197,153.1833337,272.1166668,194.301191,411.145238,12,5,64,166.557936,295.8754667,211.2658378,447.0427726,13.04773296,5.436555398,69.5879091,1.04759,1.397310479,1247279732,13777072.8,104,1.148752389,0.84348,10,2.336833758,2.500793027,1.605594239,1.682303337,1.412973823,1.841359773,3.914826498,28.60259841,27.31670723,28.76138972,13.07545308,12.33567052,20.49557127,37.70516844,33.96537605,6.883005603,6.178586202,100,8.468822171,100,18.83343766,5.714285714,21.0741253,82.60869565
2020,Italy,ITA,IT,Europe & Central Asia,High income,60172000,6.0172,508.5337674,483.8250001,877.9439895,2313.071429,75.66666669,2.5,135,84.51335627,80.40699995,145.9057351,384.4099298,12.5750626,0.4154756365,22.43568437,0.55852,1.708093397,75412354,125067.3479,20,0.03316892822,0.33413,8,7.643604792,3.715281363,6.526848954,8.236375027,3.699292667,1.420679887,7.610410095,14.06918081,8.036453381,19.35599661,11.29992956,11.92428009,2.489902022,12.48473936,13.31472477,21.32095949,1.259242652,1.791163681,2.066974596,3.403121758,1,3.828571429,7.568078773,82.60869565
2020,Japan,JPN,JP,East Asia & Pacific,High income,125769000,12.5769,1057.220636,546.566667,1446.552395,1888.484527,994.3333335,84.5,105,84.06051064,43.45797986,115.0166094,150.1550085,79.06028779,6.718666762,8.348639172,-,-,390861767,309556.869,116,0.09187032304,-,-,15.83764455,4.075205894,10.62001984,6.773240963,36.68931746,15.21898017,6.048895899,13.98896351,4.730231837,14.91101628,4.659242302,69.78994741,25.09324233,4.949966056,-,-,2.583457375,3.118331417,9.383371824,8.485996944,-,-,11.67986691,73.91304348
2020,Netherlands,NLD,NL,Europe & Central Asia,High income,17368000,1.7368,228.2857149,314.3857146,523.5747136,1273.045129,16.33333334,3.5,71,131.4404162,181.0143451,301.4594159,732.9831467,9.404268392,2.015200368,40.8797789,0.59835,1.672758798,64597258,372686.8807,17,0.09807965799,0.61607,8,3.458405882,2.743274108,3.975894751,4.652425786,1.568587147,1.588951841,4.279179811,22.38186351,17.03886187,41.74034821,21.1813259,9.164567352,8.226539512,22.34997861,14.99651969,19.67943007,1.213842315,3.572471654,1.838337182,9.023654943,10.87132505,3.828571429,10.42610712,73.91304348
2020,New Zealand,NZL,NZ,East Asia & Pacific,High income,4955000,0.4955,101.666667,49.16666651,178.6242432,508.0757602,0.5,0,13,205.1799536,99.22637035,360.4929226,1025.37994,1.009081736,0,26.23612513,0.26687,-,52586734,1069488.184,6,0.1220256254,-,-,1.567488545,1.221815621,1.492742536,2.016327651,1,1,1.260252366,35.44412178,9.720422474,50.23533696,29.47022609,1.857784879,1,14.51749067,1,-,1.163423732,8.585071844,1,11.0971042,-,-,7.938618607,81.88405797
2020,Norway,NOR,NO,Europe & Central Asia,High income,5391000,0.5391,72.75757602,64.16666675,156.3778507,422.1751815,2.5,0.5,20,134.9611872,119.0255365,290.0720658,783.1110767,4.637358561,0.9274717121,37.09886848,0.41271,-,13656552,255363.0811,8,0.1495915403,-,-,1.135762812,1.307864786,1.332600187,1.72031272,1.071821534,1.084135977,1.624605678,23.00553463,11.49206431,40.10169557,22.60235862,5.015669342,4.325927823,20.32767354,7.157995752,-,1,2.728475959,1.152424942,13.48399987,-,-,7.348678366,77.53623188
2020,Singapore,SGP,SG,East Asia & Pacific,High income,5751000,0.5751,327.5845252,637.3000018,406.2036459,2020.537592,29.83333334,9.5,107,569.6131546,1108.155107,706.3182853,3513.3674,51.87503624,16.51886628,186.0545992,1.06534,2.533554476,315263624,5527479.794,45,0.7889796722,1.08776,11,4.941325278,4.595707733,3.130990188,7.228298188,2.053382504,2.598583569,6.152996845,100,100,100,100,46.12916086,60.23690853,100,34.71485784,59.6691708,2.266106415,40.65465824,3.972286374,68.84776216,27.38620521,6.657142857,40.05616107,73.91304348
2020,South Africa,ZAF,ZA,Sub-Saharan Africa,Upper middle income,59309000,5.9309,63.66666675,10.5,119.9250003,213.1476193,-,-,8,10.73473954,1.77038898,20.22037133,35.93849488,-,-,1.348867794,0.43822,2.279199468,93729061,160061.1852,7,0.01195390506,0.46207,5,1,1,1.070191569,1,-,-,1,1,1,1.269729803,1.421418553,-,-,1.205980728,8.235138317,47.8526723,1.336133754,2.042899886,1.076212471,1.566141306,5.479454235,1,3.616180587,82.60869565
2020,Spain,ESP,ES,Europe & Central Asia,High income,47077000,4.7077,319.3004338,265.4107145,878.7567596,1833.68111,4.333333343,0,81,67.82514472,56.37800082,186.6637125,389.5067888,0.9204778009,0,17.20585424,0.55333,1.586093387,97886112,207928.6432,31,0.06584987194,0.47769,11,4.817611411,2.462323587,6.532699742,6.584387406,1.137657941,1,4.799684543,11.11302273,5.886323434,25.22111592,11.44441595,1.780668109,1,9.687446963,13.09558052,15.65323961,1.353584502,2.387245437,2.905311778,6.23292092,6.026343989,6.657142857,6.717214879,82.60869565
2020,Sweden,SWE,SE,Europe & Central Asia,High income,10346000,1.0346,190.9916672,153.7666671,242.7369531,685.0170425,18.5,7,39,184.6043564,148.6242674,234.6191312,662.1081022,17.88130679,6.765899865,37.69572782,0.78037,1.388973217,145942311,1418919.624,29,0.2819516068,0.58185,5,2.901459968,1.821865126,1.954262759,2.626070476,1.646393809,2.177903683,2.613564669,31.79935029,14.14057736,32.12195521,19.17215144,16.54258979,25.26262097,20.6469172,22.68219157,6.495683762,1.55531804,11.09878715,2.752886836,24.94488081,9.673209341,1,11.61957456,82.60869565
2020,Switzerland,CHE,CH,Europe & Central Asia,High income,8633000,0.8633,268.7718264,733.907143,361.5425093,1234.398703,74.00000006,23.83333337,95,311.3307383,850.1183169,418.7912768,1429.860654,85.71759534,27.60724357,110.0428588,0.5024,1.722362506,181260748,2113869.38,27,0.3148749736,0.68367,7,4.063021787,5.149905314,2.809493596,4.519249508,3.63944139,5.010481593,5.528391167,54.24772451,76.91070586,58.62453644,40.93649502,75.58416023,100,59.34340917,10.94509558,21.98385545,1.703580146,16.09806781,2.600461894,27.79567107,13.23814627,2.885714286,26.98261855,73.91304348
2020,United Kingdom,GBR,GB,Europe & Central Asia,High income,67156000,6.7156,1212.493294,1665.753572,2167.642925,6365.205581,215.0000001,35,288,180.5487661,248.0424045,322.7772537,947.8238103,32.01500984,5.211745786,42.88522247,0.6909,1.841477801,1878275064,2810341.566,168,0.2513675404,0.53992,16,18.15647229,10.49554571,15.8108449,22.20010182,8.702859563,6.889518413,15.57413249,31.08094101,23.03657476,44.80800931,27.27165541,28.84391173,19.68940054,23.42263526,18.90438109,27.51756093,8.827420768,21.10830042,13.34642032,22.29664745,8.205149969,11.37142857,19.43454149,73.91304348
2020,United States,USA,US,North America,High income,330139000,33.0139,6692.875408,17268.07619,9416.713176,27641.76564,2757.333334,588.3333334,1910,202.7290144,523.0547192,285.2348004,837.2765909,83.52037577,17.8207765,57.8544189,1.56268,2.052582867,23597061376,7188976.257,1305,0.3975755229,1.76532,86,100,100,67.99382882,95.51950854,100,100,100,35.0099612,47.64484955,39.40560757,24.13784926,73.67180186,64.9055786,31.42924701,55.7147043,37.32480916,100,52.6070146,100,34.95660091,51.10903632,77.37142857,67.67281028,91.30434783
2020,Russia,RUS,RU,Europe & Central Asia,Upper middle income,144346000,14.4346,194.6761907,103.8976192,264.8166061,304.175397,26,0,29,13.48677419,7.197817687,18.34596083,21.07265854,1.801227606,0,2.00906156,-,-,-,-,-,-,-,-,2.956484308,1.535785802,2.113204821,1.313683351,1.915724563,1,2.093059937,1.487496785,1.485649732,1,1,2.547232034,1,1.559100229,-,-,-,-,-,-,-,-,1.045791889,56.52173913
2020,South Korea,KOR,KR,East Asia & Pacific,High income,51727000,5.1727,684.0027786,572.3166667,1395.78325,2483.945504,588.5,69,-,132.2332203,110.6417667,269.8364973,480.202893,113.7703714,13.33926189,-,1.09997,-,-,-,-,-,1.26098,8,10.26404304,4.222923623,10.25455428,8.825210147,22.1155311,12.61076487,-,22.52230122,10.74187932,37.18977425,14.01548024,100,48.83479829,-,36.17708627,-,-,-,-,-,33.45100952,3.828571429,17.0479058,52.17391304